{"psnr": 24.227981567382812, "ssim": 0.8009275794029236, "lpips": 0.18600274622440338, "ellipse_time": 0.0174395329243428, "num_GS": 1244819}