{"psnr": 25.4190673828125, "ssim": 0.8395516276359558, "lpips": 0.1442759782075882, "ellipse_time": 0.016948461532592773, "num_GS": 1244819}