{"psnr": 26.222877502441406, "ssim": 0.8620374798774719, "lpips": 0.12498293817043304, "ellipse_time": 0.017148842682709563, "num_GS": 1244819}