{"psnr": 26.82338523864746, "ssim": 0.8761501908302307, "lpips": 0.11370575428009033, "ellipse_time": 0.01694339030497783, "num_GS": 1244819}