{"psnr": 27.445188522338867, "ssim": 0.8899821043014526, "lpips": 0.10273857414722443, "ellipse_time": 0.017058146966470254, "num_GS": 1244819}