{"psnr": 21.909082412719727, "ssim": 0.5882577300071716, "lpips": 0.2954164743423462, "ellipse_time": 0.04528511047363281, "num_GS": 6131954}