{"psnr": 22.663631439208984, "ssim": 0.6340850591659546, "lpips": 0.25973382592201233, "ellipse_time": 0.045469322204589845, "num_GS": 6131954}