{"psnr": 23.201950073242188, "ssim": 0.6648298501968384, "lpips": 0.23835104703903198, "ellipse_time": 0.04604579925537109, "num_GS": 6131954}