{"psnr": 23.655658721923828, "ssim": 0.686102569103241, "lpips": 0.22202853858470917, "ellipse_time": 0.04602206230163574, "num_GS": 6131954}