{"psnr": 24.01909637451172, "ssim": 0.7044978141784668, "lpips": 0.20520825684070587, "ellipse_time": 0.04690999031066895, "num_GS": 6131954}