{"psnr": 23.42284393310547, "ssim": 0.7284110188484192, "lpips": 0.18977004289627075, "ellipse_time": 0.02198187964303153, "num_GS": 1852335}