{"psnr": 24.217668533325195, "ssim": 0.7678835391998291, "lpips": 0.15448535978794098, "ellipse_time": 0.021876376015799386, "num_GS": 1852335}