{"psnr": 24.74245834350586, "ssim": 0.7887081503868103, "lpips": 0.13807252049446106, "ellipse_time": 0.022180727549961636, "num_GS": 1852335}