{"psnr": 25.143213272094727, "ssim": 0.8045982122421265, "lpips": 0.12757058441638947, "ellipse_time": 0.021835102353777204, "num_GS": 1852335}