{"psnr": 25.69110870361328, "ssim": 0.8240710496902466, "lpips": 0.11267992109060287, "ellipse_time": 0.02262821878705706, "num_GS": 1852335}