{"psnr": 23.24030113220215, "ssim": 0.7391521334648132, "lpips": 0.21361173689365387, "ellipse_time": 0.020874969164530435, "num_GS": 1222956}