{"psnr": 24.287738800048828, "ssim": 0.7839849591255188, "lpips": 0.1763729453086853, "ellipse_time": 0.022401913007100423, "num_GS": 1222956}