{"psnr": 25.054424285888672, "ssim": 0.809576153755188, "lpips": 0.1589154303073883, "ellipse_time": 0.02044049898783366, "num_GS": 1222956}