{"psnr": 25.793609619140625, "ssim": 0.8296818137168884, "lpips": 0.14504510164260864, "ellipse_time": 0.021709616978963217, "num_GS": 1222956}