{"psnr": 26.444618225097656, "ssim": 0.8485655784606934, "lpips": 0.13210296630859375, "ellipse_time": 0.0217008908589681, "num_GS": 1222956}