{"psnr": 23.711227416992188, "ssim": 0.634372353553772, "lpips": 0.2579505443572998, "ellipse_time": 0.04362538456916809, "num_GS": 4961797}