{"psnr": 24.569412231445312, "ssim": 0.6813732385635376, "lpips": 0.2227148413658142, "ellipse_time": 0.04463165998458862, "num_GS": 4961797}