{"psnr": 25.06157112121582, "ssim": 0.7070446014404297, "lpips": 0.20615124702453613, "ellipse_time": 0.04356640577316284, "num_GS": 4961797}