{"psnr": 25.482101440429688, "ssim": 0.723150908946991, "lpips": 0.1919902265071869, "ellipse_time": 0.04409275949001312, "num_GS": 4961797}