{"psnr": 25.883243560791016, "ssim": 0.7399441003799438, "lpips": 0.17657166719436646, "ellipse_time": 0.04390624165534973, "num_GS": 4961797}