{"psnr": 25.496679306030273, "ssim": 0.798794686794281, "lpips": 0.1887611299753189, "ellipse_time": 0.018168559441199668, "num_GS": 1593376}