{"psnr": 26.708993911743164, "ssim": 0.8328461647033691, "lpips": 0.15241728723049164, "ellipse_time": 0.01818998654683431, "num_GS": 1593376}