{"psnr": 27.407821655273438, "ssim": 0.8513109087944031, "lpips": 0.13802359998226166, "ellipse_time": 0.018797532106057193, "num_GS": 1593376}