{"psnr": 27.969358444213867, "ssim": 0.865667998790741, "lpips": 0.12743660807609558, "ellipse_time": 0.018232174408741485, "num_GS": 1593376}