{"psnr": 28.466405868530273, "ssim": 0.8775114417076111, "lpips": 0.11911432445049286, "ellipse_time": 0.018779944150875777, "num_GS": 1593376}