{"psnr": 23.024282455444336, "ssim": 0.6807515621185303, "lpips": 0.21305260062217712, "ellipse_time": 0.04382864634195963, "num_GS": 5834784}