{"psnr": 23.926753997802734, "ssim": 0.7317783236503601, "lpips": 0.17197808623313904, "ellipse_time": 0.048599570989608765, "num_GS": 5834784}