{"psnr": 24.520597457885742, "ssim": 0.7563595771789551, "lpips": 0.15255659818649292, "ellipse_time": 0.04296795527140299, "num_GS": 5834784}