{"psnr": 25.000328063964844, "ssim": 0.7731068134307861, "lpips": 0.1380215734243393, "ellipse_time": 0.04290762543678284, "num_GS": 5834784}