{"psnr": 25.476491928100586, "ssim": 0.7902221083641052, "lpips": 0.12087422609329224, "ellipse_time": 0.043015470107396446, "num_GS": 5834784}